{
    "now": "2022-11-29T03:37:44.492Z",
    "perfNow": 514714605.79999995,
    "diagnosticCorrelation": "d1328dbc-ba4b-4772-97f5-98f799df02d2",
    "source": "DownloadSupportFiles",
    "environment": {
        "productName": "adf",
        "buildVersion": "1.0.111122.6",
        "environmentType": 3,
        "resourceName": "adf2-project",
        "resourceRegion": "eastus",
        "resourceGroup": "adf2-project",
        "subscriptionId": "37cc3ad2-91e0-4553-939c-ea729b09901f",
        "sessionId": "z5WFI",
        "operationId": "3auzP",
        "gitType": "live"
    },
    "additionalInfo": {
        "selectedResource": "staging_DS",
        "selectedResourceType": "dataset"
    }
}