{
    "name": "staging_DS",
    "properties": {
        "linkedServiceName": {
            "referenceName": "AzureDataLakeStorage1",
            "type": "LinkedServiceReference"
        },
        "annotations": [],
        "type": "Json",
        "typeProperties": {
            "location": {
                "type": "AzureBlobFSLocation",
                "folderPath": "staging",
                "fileSystem": "input"
            }
        },
        "schema": {
            "type": "object",
            "properties": {
                "VehicleID": {
                    "type": "string"
                },
                "latitiude": {
                    "type": "number"
                },
                "longitude": {
                    "type": "number"
                },
                "City": {
                    "type": "string"
                },
                "temeprature": {
                    "type": "integer"
                },
                "speed": {
                    "type": "integer"
                }
            }
        }
    },
    "type": "Microsoft.DataFactory/factories/datasets"
}