{
    "name": "s3Ls",
    "type": "Microsoft.DataFactory/factories/linkedservices",
    "properties": {
        "annotations": [],
        "type": "AmazonS3",
        "typeProperties": {
            "serviceUrl": "https://s3.amazonaws.com",
            "accessKeyId": {
                "type": "AzureKeyVaultSecret",
                "store": {
                    "referenceName": "AzureKeyVault1",
                    "type": "LinkedServiceReference"
                },
                "secretName": "s3accesskey"
            },
            "secretAccessKey": {
                "type": "AzureKeyVaultSecret",
                "store": {
                    "referenceName": "AzureKeyVault1",
                    "type": "LinkedServiceReference"
                },
                "secretName": "s3SecretAccessKey"
            },
            "authenticationType": "AccessKey"
        }
    }
}