{
    "now": "2022-11-29T03:37:14.001Z",
    "perfNow": 514684114.79999995,
    "diagnosticCorrelation": "edc330bd-0fcd-4f18-808f-acd6ebacb381",
    "source": "DownloadSupportFiles",
    "environment": {
        "productName": "adf",
        "buildVersion": "1.0.111122.6",
        "environmentType": 3,
        "resourceName": "adf2-project",
        "resourceRegion": "eastus",
        "resourceGroup": "adf2-project",
        "subscriptionId": "37cc3ad2-91e0-4553-939c-ea729b09901f",
        "sessionId": "z5WFI",
        "operationId": "3auzP",
        "gitType": "live"
    },
    "additionalInfo": {
        "selectedResource": "move_two",
        "selectedResourceType": "pipeline"
    }
}