{
    "now": "2022-11-29T03:37:35.601Z",
    "perfNow": 514705714.9000001,
    "diagnosticCorrelation": "f6d12baa-4492-4549-9274-db6b8d0577b3",
    "source": "DownloadSupportFiles",
    "environment": {
        "productName": "adf",
        "buildVersion": "1.0.111122.6",
        "environmentType": 3,
        "resourceName": "adf2-project",
        "resourceRegion": "eastus",
        "resourceGroup": "adf2-project",
        "subscriptionId": "37cc3ad2-91e0-4553-939c-ea729b09901f",
        "sessionId": "z5WFI",
        "operationId": "3auzP",
        "gitType": "live"
    },
    "additionalInfo": {
        "selectedResource": "AzureSqlTable1",
        "selectedResourceType": "dataset"
    }
}