{
    "name": "move_two",
    "properties": {
        "activities": [
            {
                "name": "Copy data1",
                "type": "Copy",
                "dependsOn": [],
                "policy": {
                    "timeout": "0.12:00:00",
                    "retry": 0,
                    "retryIntervalInSeconds": 30,
                    "secureOutput": false,
                    "secureInput": false
                },
                "userProperties": [],
                "typeProperties": {
                    "source": {
                        "type": "JsonSource",
                        "storeSettings": {
                            "type": "AzureBlobFSReadSettings",
                            "recursive": true,
                            "wildcardFileName": "*.json",
                            "enablePartitionDiscovery": false
                        },
                        "formatSettings": {
                            "type": "JsonReadSettings"
                        }
                    },
                    "sink": {
                        "type": "AzureSqlSink",
                        "writeBehavior": "insert",
                        "sqlWriterUseTableLock": false
                    },
                    "enableStaging": false,
                    "translator": {
                        "type": "TabularTranslator",
                        "mappings": [
                            {
                                "source": {
                                    "path": "$['VehicleID']"
                                },
                                "sink": {
                                    "name": "vehicleid",
                                    "type": "String"
                                }
                            },
                            {
                                "source": {
                                    "path": "$['latitiude']"
                                },
                                "sink": {
                                    "name": "latitude",
                                    "type": "Decimal"
                                }
                            },
                            {
                                "source": {
                                    "path": "$['longitude']"
                                },
                                "sink": {
                                    "name": "longitude",
                                    "type": "Decimal"
                                }
                            },
                            {
                                "source": {
                                    "path": "$['City']"
                                },
                                "sink": {
                                    "name": "city",
                                    "type": "String"
                                }
                            },
                            {
                                "source": {
                                    "path": "$['temeprature']"
                                },
                                "sink": {
                                    "name": "temperature",
                                    "type": "Int32"
                                }
                            },
                            {
                                "source": {
                                    "path": "$['speed']"
                                },
                                "sink": {
                                    "name": "speed",
                                    "type": "Int32"
                                }
                            }
                        ]
                    }
                },
                "inputs": [
                    {
                        "referenceName": "staging_DS",
                        "type": "DatasetReference"
                    }
                ],
                "outputs": [
                    {
                        "referenceName": "AzureSqlTable1",
                        "type": "DatasetReference"
                    }
                ]
            }
        ],
        "annotations": [],
        "lastPublishTime": "2022-11-27T22:38:13Z"
    },
    "type": "Microsoft.DataFactory/factories/pipelines"
}