{
    "name": "move_one",
    "properties": {
        "activities": [
            {
                "name": "S3_to_Adls_landing",
                "type": "Copy",
                "dependsOn": [],
                "policy": {
                    "timeout": "0.12:00:00",
                    "retry": 0,
                    "retryIntervalInSeconds": 30,
                    "secureOutput": false,
                    "secureInput": false
                },
                "userProperties": [],
                "typeProperties": {
                    "source": {
                        "type": "JsonSource",
                        "storeSettings": {
                            "type": "AmazonS3ReadSettings",
                            "recursive": true,
                            "wildcardFileName": "*.json",
                            "enablePartitionDiscovery": false
                        },
                        "formatSettings": {
                            "type": "JsonReadSettings"
                        }
                    },
                    "sink": {
                        "type": "JsonSink",
                        "storeSettings": {
                            "type": "AzureBlobFSWriteSettings"
                        },
                        "formatSettings": {
                            "type": "JsonWriteSettings"
                        }
                    },
                    "enableStaging": false
                },
                "inputs": [
                    {
                        "referenceName": "s3DS",
                        "type": "DatasetReference",
                        "parameters": {
                            "filepath": {
                                "value": "@concat(formatDateTime(utcnow(),'yyyy'),'/',formatDateTime(utcnow(),'MM'),'/',formatDateTime(utcnow(),'dd'),'/')",
                                "type": "Expression"
                            }
                        }
                    }
                ],
                "outputs": [
                    {
                        "referenceName": "adlsDS",
                        "type": "DatasetReference",
                        "parameters": {
                            "folderPath": {
                                "value": "@concat('landing','/',formatDateTime(utcnow(),'yyyy'),'/',formatDateTime(utcnow(),'MM'),'/',formatDateTime(utcnow(),'dd'),'/')",
                                "type": "Expression"
                            }
                        }
                    }
                ]
            }
        ],
        "annotations": [],
        "lastPublishTime": "2022-11-23T06:10:33Z"
    },
    "type": "Microsoft.DataFactory/factories/pipelines"
}