{
    "name": "trigger1",
    "properties": {
        "annotations": [],
        "runtimeState": "Stopped",
        "pipelines": [
            {
                "pipelineReference": {
                    "referenceName": "move_two",
                    "type": "PipelineReference"
                }
            }
        ],
        "type": "BlobEventsTrigger",
        "typeProperties": {
            "blobPathBeginsWith": "/input/blobs/staging/",
            "ignoreEmptyBlobs": true,
            "scope": "/subscriptions/37cc3ad2-91e0-4553-939c-ea729b09901f/resourceGroups/adf2-project/providers/Microsoft.Storage/storageAccounts/adf2project2",
            "events": [
                "Microsoft.Storage.BlobCreated"
            ]
        }
    }
}