{
    "name": "adlsDS",
    "properties": {
        "linkedServiceName": {
            "referenceName": "adlsLS",
            "type": "LinkedServiceReference"
        },
        "parameters": {
            "folderPath": {
                "type": "string"
            }
        },
        "annotations": [],
        "type": "Json",
        "typeProperties": {
            "location": {
                "type": "AzureBlobFSLocation",
                "folderPath": {
                    "value": "@dataset().folderPath",
                    "type": "Expression"
                },
                "fileSystem": "inputdata"
            }
        },
        "schema": {}
    },
    "type": "Microsoft.DataFactory/factories/datasets"
}