{
    "name": "s3DS",
    "properties": {
        "linkedServiceName": {
            "referenceName": "s3Ls",
            "type": "LinkedServiceReference"
        },
        "parameters": {
            "filepath": {
                "type": "string"
            }
        },
        "annotations": [],
        "type": "Json",
        "typeProperties": {
            "location": {
                "type": "AmazonS3Location",
                "bucketName": "mybucket2022",
                "folderPath": {
                    "value": "@dataset().filepath",
                    "type": "Expression"
                }
            }
        },
        "schema": {
            "type": "object",
            "properties": {
                "VehicleID": {
                    "type": "string"
                },
                "latitiude": {
                    "type": "number"
                },
                "longitude": {
                    "type": "number"
                },
                "City": {
                    "type": "string"
                },
                "temeprature": {
                    "type": "integer"
                },
                "speed": {
                    "type": "integer"
                }
            }
        }
    },
    "type": "Microsoft.DataFactory/factories/datasets"
}