{
    "now": "2022-11-29T03:37:28.390Z",
    "perfNow": 514698504.5,
    "diagnosticCorrelation": "e9803c03-a854-4f5f-be97-76e3661edcd1",
    "source": "DownloadSupportFiles",
    "environment": {
        "productName": "adf",
        "buildVersion": "1.0.111122.6",
        "environmentType": 3,
        "resourceName": "adf2-project",
        "resourceRegion": "eastus",
        "resourceGroup": "adf2-project",
        "subscriptionId": "37cc3ad2-91e0-4553-939c-ea729b09901f",
        "sessionId": "z5WFI",
        "operationId": "3auzP",
        "gitType": "live"
    },
    "additionalInfo": {
        "selectedResource": "adlsDS",
        "selectedResourceType": "dataset"
    }
}