{
    "now": "2022-11-29T03:37:20.688Z",
    "perfNow": 514690802.5,
    "diagnosticCorrelation": "d6d87e98-f585-4965-a2b8-729daa5abd83",
    "source": "DownloadSupportFiles",
    "environment": {
        "productName": "adf",
        "buildVersion": "1.0.111122.6",
        "environmentType": 3,
        "resourceName": "adf2-project",
        "resourceRegion": "eastus",
        "resourceGroup": "adf2-project",
        "subscriptionId": "37cc3ad2-91e0-4553-939c-ea729b09901f",
        "sessionId": "z5WFI",
        "operationId": "3auzP",
        "gitType": "live"
    },
    "additionalInfo": {
        "selectedResource": "move_one",
        "selectedResourceType": "pipeline"
    }
}