{
    "now": "2022-11-29T03:37:39.930Z",
    "perfNow": 514710043.4000001,
    "diagnosticCorrelation": "2dcd417b-1354-4dec-a60d-53de21b78535",
    "source": "DownloadSupportFiles",
    "environment": {
        "productName": "adf",
        "buildVersion": "1.0.111122.6",
        "environmentType": 3,
        "resourceName": "adf2-project",
        "resourceRegion": "eastus",
        "resourceGroup": "adf2-project",
        "subscriptionId": "37cc3ad2-91e0-4553-939c-ea729b09901f",
        "sessionId": "z5WFI",
        "operationId": "3auzP",
        "gitType": "live"
    },
    "additionalInfo": {
        "selectedResource": "s3DS",
        "selectedResourceType": "dataset"
    }
}